run_id,config_hash,seed,arm,extinction_count,emergence_count,species_alive_at_end,total_turnover,last_event_tick,freeze_classification,rescue_count
1,2c347528c07669a4997cf293a4d21d85da486bf870b35f9f0a83eb22fa05ecf2,4,evolving_floor_0.002,166,167,1,333,39460,censored_active,0
2,7b0d96ba83cfd23d1fb2c4da0c29bd5947f0e13a4491d33e0c63e5580c0155ff,1,evolving_floor_0.001,421,422,1,843,31820,observed_freeze,0
3,9ce72eea2bf5d3fbde923c6f8343f3b70c31021fee53342cc1aec0ed4049f374,5,evolving_floor_0.002,285,286,1,571,17380,observed_freeze,0
4,23531a52c1aee63aea5ccaf0e3d5777792395d22ecc7e70da42727054cf6466f,2,evolving_floor_0.001,92,93,1,185,26950,observed_freeze,0
5,9905d7803a21cfd74e845e96256983ed79aa99ad2ed22d06d4d6e13194400f92,6,evolving_floor_0.002,493,495,2,988,39920,censored_active,0
6,9fb28710e94e26846ff44d2c26fdf78b789e75d086247763afa693d8399f9ec2,7,evolving_floor_0.002,49,50,1,99,9370,observed_freeze,0
7,636198ba62e2c1833958aceadf3f1ede37d66d25150fc323a82d76989ed9441f,3,evolving_floor_0.001,319,320,1,639,38950,censored_active,0
8,56eab71845bb1b478e014b1b5842a47632b59a36765b09f67926a153abe8fb36,8,evolving_floor_0.002,148,149,1,297,36510,censored_active,0
9,60bc91bbe7f1260e09aed1e8ee36dfb925d56f05b5fd30e0c3ef9cf364c5a7ac,4,evolving_floor_0.001,259,260,1,519,37430,censored_active,0
10,e2d1228ebeb029c21cb018268f9e0f7e3a386cee655745135f9e0a780521abae,9,evolving_floor_0.002,403,406,3,809,39980,censored_active,0
11,dc5a9d36aeff4966683fcdbdf8c974a82a0869f9a5cfbea81f051044094dc73a,5,evolving_floor_0.001,158,159,1,317,12290,observed_freeze,0
12,9fe0c18c763cf82046c744befdeb4c068a8da62296cc40ed2edca12d6ded6bb7,10,evolving_floor_0.002,327,328,1,655,37890,censored_active,0
13,bbca6e3667a8857fc949106eb83f39b6c32c2d305cd8c03ff875e14ce8d66f1c,6,evolving_floor_0.001,291,292,1,583,22800,observed_freeze,0
14,257c4d28b13a4b8360c6255fec23b739967b4dc67f6a0c058cb9d13683c0d383,1,evolving_floor_0.004,170,171,1,341,37700,censored_active,0
15,652e121288ec52eed012a79735d596d21d335b1e78cafce249cb822ce4dd57d9,7,evolving_floor_0.001,279,280,1,559,35320,censored_active,0
16,d1b4f3b8d9a8d8c9d888c9f1f8b53aa1df7c2172529f78a6396ad08907f62940,8,evolving_floor_0.001,88,89,1,177,10130,observed_freeze,0
17,8f69ed32787ddb1993aa586c989db80ba884f7afbfd2388a376fff79e1f0089d,2,evolving_floor_0.004,316,319,3,635,39990,censored_active,0
18,9cee47b364888d92665c37902d7b35d099a32780dcd5c38060d8b9e6d8526e35,9,evolving_floor_0.001,296,297,1,593,39780,censored_active,0
19,bfe86c7d9277a1873e4c72c8f8bc169d3ed88effd0bb88aba999bbfda16857a6,3,evolving_floor_0.004,165,166,1,331,36760,censored_active,0
20,8b0f9778d9e84ed005054201877859b6997d583932ae3e9543d5ca4da77e88e2,10,evolving_floor_0.001,336,338,2,674,39990,censored_active,0
21,0abf9fcf18476a25111a419e7d36c116a3f4fafd1fffb16058e1da534988394c,4,evolving_floor_0.004,415,418,3,833,39970,censored_active,0
22,8dfa0d93ffd103fe29f3708b5cfab82af5c9004b9ebc3a11f466ceca4894b1c1,1,evolving_floor_0.002,221,222,1,443,27100,observed_freeze,0
23,fd3f2c94a1bac5dd27738c0d601535c3cba7124b2a873591ef7d444dd1244ea3,5,evolving_floor_0.004,90,91,1,181,21140,observed_freeze,0
24,6426ec5c074ab397ef094bf0de7db7ae04ca4c1f44373b129ef7cd080ff30104,2,evolving_floor_0.002,311,312,1,623,39990,censored_active,0
25,02265d7ad6409484b5508e9d703bae55f38f8276237e14e88fabc4dd823c2c89,6,evolving_floor_0.004,431,432,1,863,39490,censored_active,0
26,e446b89a5494ae3d75f6202aade2e5ff409bc9195b25ddacbe869197ecd902c0,3,evolving_floor_0.002,240,243,3,483,39910,censored_active,0
27,d3d1b93b6e98f339f79dab8602e8e792676acd5fa4b1bca88e30eeaaab804e01,7,evolving_floor_0.004,254,257,3,511,39990,censored_active,0
28,4f8979c985d4d1a15bd1c48287db7532d64a92effa9c2bbcfe2a5f6e91d9d97f,10,fixed_0.001,22,23,1,45,400,observed_freeze,0
29,fa4709fcddb71226a24004d06e80d4685eadf8ad8b137dcd29c25caa56801b6a,8,evolving_floor_0.004,146,147,1,293,38130,censored_active,0
30,209455154dc8eaea635af063b0f5df5e5f3b4387f5db2df1a5d9ca51c09a61f2,9,evolving_floor_0.004,247,248,1,495,38050,censored_active,0
31,cf9b03a55fc6f70da8b2be672ac984c9a1cb0b9ef4ab4d0ebed30577298f247f,1,fixed_0.002,22,23,1,45,1550,observed_freeze,0
32,b1a9e0098da7f348ff471dc03b7f5f3cee638a7baf5a7f005f99e0379e9c57bf,10,evolving_floor_0.004,467,468,1,935,32470,observed_freeze,0
33,753759dd9a25b54e8516cb1d926d7c20d70e3dc908827a76a20a0bdce2832106,2,fixed_0.002,14,15,1,29,260,observed_freeze,0
34,41a59fcdc0b4fe1deaf7f880ea11acb57d81e3b23558ac996949363c24da42ef,1,fixed_0.001,46,47,1,93,4830,observed_freeze,0
35,afd6560b5bd90261676e723f7c3e54a2312ccb3fe494c7d91ac0adc545887294,3,fixed_0.002,18,19,1,37,530,observed_freeze,0
36,1ffb2b793c3dc16cae613a98f40342266db1f823e86a81174f1b9d2e9d37ef48,2,fixed_0.001,18,19,1,37,300,observed_freeze,0
37,509cb383549cb229ade306db5f5d6f8e97bbca604ba99439f55ff816810fac58,4,fixed_0.002,18,19,1,37,410,observed_freeze,0
38,522f1a3d1473e53b990b0419707fa3ff44816c16db81aadbe2499c8bb23eecc3,5,fixed_0.002,20,21,1,41,490,observed_freeze,1
39,dcd1a0a35e84b6046fa9563e7c1d1e7f53d988283d429ec344eed33cf7a97481,3,fixed_0.001,29,30,1,59,930,observed_freeze,0
40,bbf44f8e04b5ead888e1ccf072bccd239c8d342d79688fbcf2577ac5759a0370,6,fixed_0.002,15,16,1,31,270,observed_freeze,1
41,545ba2048a1221d26c845a105d1fc9601472147d349fc0a2024f07593059e866,4,fixed_0.001,23,24,1,47,770,observed_freeze,0
42,b30efdcbd85e0d7218cbc3e8605ba44d3efadc99604a01b53786529f46c6e08c,7,fixed_0.002,42,44,2,86,39890,censored_active,0
43,06503f6bf7fff76efc7c969365ae0c9ea403ba0cc4152c6b7202480e5b3b212a,5,fixed_0.001,21,22,1,43,520,observed_freeze,0
44,71d214a8dc8b2572a06594d71712c2521ebc5d8590f5b39a3c03056bdaf4f5e0,8,fixed_0.002,14,15,1,29,280,observed_freeze,0
45,c91a20632d8ecfe9c36878ed883d66bd03a34c5ee4041995e5efda9b9ebbb6c8,6,fixed_0.001,27,28,1,55,520,observed_freeze,0
46,b23502d9197f709a3fac0b77f3a33a4113670ff808599b18f9a38cc6b8318bc8,9,fixed_0.002,14,15,1,29,240,observed_freeze,0
47,afd884191b800ed3e57e2b73a9bd9dc138caa8815049e4f461c92fb626d8713b,7,fixed_0.001,22,23,1,45,250,observed_freeze,0
48,825fde9ca76f913644b04a5d9eb18bbb613f40694fc6c3b79a077e770e6aa7a0,10,fixed_0.002,19,20,1,39,410,observed_freeze,0
49,b3cf505a82d80dc0990e8265599c695d7b16646a7767aceea0a319840724dc46,8,fixed_0.001,16,17,1,33,270,observed_freeze,2
50,a3fe5c7b6d6c9796887e671a4c821353ce00dc467238b332e34a999752d567dc,1,fixed_0.005,25,26,1,51,540,observed_freeze,0
51,19171f22d1ba7f95f6d2856a94384f5722e6aaf8dea48e13e0ebcc526708fcd1,9,fixed_0.001,15,16,1,31,270,observed_freeze,0
52,56bf2e32b3a398c9267287b76947b33ba70e44e16845626515a82c037dfcfd43,2,fixed_0.005,27,28,1,55,530,observed_freeze,0
53,35be8ac4b85608abd6ecb93351d491ba27453453657aa574672630afcd86649a,3,fixed_0.005,27,28,1,55,30510,censored_active,0
54,e74c8a6a976ed38730a8a8301dbd89bc82a33fc95e9360b4f2b93ef52fd4be69,4,fixed_0.005,41,42,1,83,38820,censored_active,0
55,d27667c0c552e53b7801bce717cbaabf78162a871569c463c6affca597893282,6,fixed_0.02,108,109,1,217,33710,censored_active,0
56,4a955f81b38281c0fcecc9d00d122e5fff15c3de3f0bae57c9ce73006f47197e,7,fixed_0.02,35,36,1,71,39750,censored_active,0
57,ac3b21fc43cef7572caceeed85f5ada73923fc615a46a9c7d63cc1fd3aa9d299,5,fixed_0.005,22,23,1,45,280,observed_freeze,0
58,dc642ddb3e4d6a8cc77fd4d27fb6d52eb80596269e359e796e04f3bf0c5a2807,6,fixed_0.005,20,21,1,41,530,observed_freeze,0
59,694d5467cbf564e81e327fd35a568bead2b307b5ab4ff45d54e13c81bdb3c24f,8,fixed_0.02,17,18,1,35,23900,observed_freeze,0
60,c7682cb458767edaff23d11197dda452397ef14999af2a19875112754c7a4a0e,7,fixed_0.005,50,51,1,101,25170,censored_active,0
61,2c4cdf567cc9c6466060441bc8012bdf80701a3f0b5adb93aadd3425006552b9,9,fixed_0.02,192,193,1,385,39370,censored_active,0
62,06b4f36b726076a67998e493d4a70b906b79d3b83a8cd49b6b3da3b42f4d2a2b,8,fixed_0.005,14,15,1,29,220,observed_freeze,0
63,3b7e00b8de9ae87579ea7e2d10630f67f92a9eb0769954efa26e411d8debfbf6,10,fixed_0.02,116,117,1,233,39210,censored_active,0
64,48a4704664209bc7304e2868504cd19cfb77e0797d8a2ca87dca67d4ea680178,9,fixed_0.005,63,64,1,127,39460,censored_active,0
65,5fe8e8a4959261a5e9d9404b35421d97cff06e89bed2c73e04b3fb27ba668bdf,1,fixed_0.05,149,150,1,299,38430,censored_active,0
66,c571b24e4fbd1081bb79d52cf27f0b0ef51adda59efe0f3fc7f0b76d3a0f48e5,2,fixed_0.05,294,296,2,590,39990,censored_active,0
67,36a48d52b521218deb1c878bdcc61ebcfc7350b860c69e087c5a562b7ea29682,10,fixed_0.005,33,34,1,67,590,observed_freeze,0
68,3e8ffbc587980f83984b558163b09fc1084937d149dee358a17723b57e085341,3,fixed_0.05,437,439,2,876,39950,censored_active,0
69,8fed41226b3b63ad3947cd73a659e217c87ac2152cf5c907caa483b0e9f54cf5,1,fixed_0.02,20,21,1,41,1050,observed_freeze,0
70,504bb9152ca8f80975f89f260785cede035b812a73df7de0703943d9837ee62f,4,fixed_0.05,380,381,1,761,39960,censored_active,0
71,4fcb38d8acb87964f9c8239192521a11eca0590efe4a1c64792fd612f4ad6be2,2,fixed_0.02,29,30,1,59,36950,censored_active,0
72,e11d66e660c7cfa2d6de507358a9a68a2fbfa51b4cdb1f3e6a1b65bbeac5ed9e,5,fixed_0.05,77,78,1,155,35630,censored_active,0
73,8239c37af84d114d456b76c5b44a76f4029ba1df442eb3f362065e608d1a6801,3,fixed_0.02,147,148,1,295,37940,censored_active,0
74,f0bffcf45b88943860d131ba243a79a84c335f77a08b89338cadee51d902dbb5,6,fixed_0.05,348,349,1,697,36050,censored_active,0
75,d1d5ee1118de0adde0a788a8badec7ac5ed3b1fb303d97dd28060807c2dc4e2c,4,fixed_0.02,254,255,1,509,39370,censored_active,0
76,e645ce14fd9c2dcd967c9be1171c0b23321c9c615aeec97860cd36ba7353b79b,7,fixed_0.05,194,195,1,389,32250,observed_freeze,0
77,f9f850da6245146c0f10d2616d73903f6586954bd15510f36b8f22152ef25956,5,fixed_0.02,16,17,1,33,450,observed_freeze,0
78,46cc16aa090f63c4124041e129c5cdce6005e474f7aec5035a9459b0c91ef4af,8,fixed_0.05,263,266,3,529,39970,censored_active,0
79,c20a9c526d05a039655a791388faee6eb14744f82a38397959b1e7015569e009,9,fixed_0.05,394,395,1,789,39040,censored_active,0
80,bda18505ea5a4478c6982ac069439b8f89b05130996605b97c07e840549c3b00,2,fixed_0.2,16785,16788,3,33573,40000,censored_active,0
81,c41a2fc7993c661f28795a192854502074be1bf2fcc9879f5173e0ff6d7f469a,10,fixed_0.05,383,385,2,768,39910,censored_active,0
82,e4ccade164484393df0d74f936d2816161248d5138a2d749ad146bda850e4c17,3,fixed_0.2,18176,18181,5,36357,40000,censored_active,0
83,dd1e27f7765f990a195393e52d84055193f4e477bdefec40ae6ef9580dcd1a11,1,fixed_0.1,315,316,1,631,39780,censored_active,0
84,4818eddc862c50f98f31f984b026de4336a887781e4222534aacfbf6696d445d,4,fixed_0.2,19623,19629,6,39252,40000,censored_active,0
85,e8256b975e1fdfdf1cfcc6e403a257788f401fa65930d4e03df89999c0c94b27,2,fixed_0.1,677,679,2,1356,39960,censored_active,0
86,139338b904897f6a8bfe81a8d0bd55be2a79664cdcba56b7eea1fef471c73862,3,fixed_0.1,621,625,4,1246,39960,censored_active,0
87,efda1887c83b966b51bec9f2957d7b66c52f48e82c3dbe55c10e1624a52d35c4,5,fixed_0.2,19717,19722,5,39439,40000,censored_active,0
88,97bf8b2e4d47d89751f6f64d2946e5ee23cba0f56e997dcdf64c31d8d22b0f92,4,fixed_0.1,646,649,3,1295,39950,censored_active,0
89,fe0e98276641d29de565f1f08a159bb486398e37860ea23c99f09de28d4f1e4e,6,fixed_0.2,12512,12516,4,25028,40000,censored_active,0
90,9a990e6ce7faad735b55ec164c9c11f2f0b37eb8dda50fff60055108fa2f1fe1,5,fixed_0.1,337,338,1,675,39640,censored_active,0
91,2c59d26f276f42196dea866aa960373e33cc914d3d84e3dffb15dd8e130b4c26,7,fixed_0.2,20003,20008,5,40011,40000,censored_active,0
92,638a99c17d2cbb135a825405d690f56a04a0a80990114c1f4667ccf38f264d28,6,fixed_0.1,536,538,2,1074,40000,censored_active,0
93,897f3f9cf98f38e6cbeb4ffe987616917a7debf85834274ee1ea05379aa03619,7,fixed_0.1,699,701,2,1400,40000,censored_active,0
94,d1f1eb4e1be3a5b603bacf78dcc48b2793a0960049e1dccc0cbc487ca294980d,8,fixed_0.2,14628,14633,5,29261,40000,censored_active,0
95,278474220f29539dc9653ecf48fac5fedd82ada37006e3f8e3f8955986c2938b,8,fixed_0.1,334,335,1,669,39860,censored_active,0
96,2eaa94b3aef74e5758f29684b92558424a0c2431f6c76bfb1dda9a3115cc04a9,9,fixed_0.2,19421,19425,4,38846,40000,censored_active,0
97,d90d42c34e9bc6b9926030d0ae819624d0e9b3c2224d1bcfb830cd703bc9855f,9,fixed_0.1,719,720,1,1439,39990,censored_active,0
98,77f9ea7e81a88b9f2bbf8707f08e57506d038ca8744e9b87c5f1d7051b66a448,10,fixed_0.2,19680,19683,3,39363,40000,censored_active,0
99,a28fb2d171e176e1df939d9021ff0ff349dcd64efafd6c852985515cb395daee,10,fixed_0.1,644,648,4,1292,39990,censored_active,0
100,85e3e4c35f1019e039d80b5da601167433871142684c1af8bbb7ff9e8c055bef,1,fixed_0.2,18738,18742,4,37480,40000,censored_active,0
